id,name,shares,likes,loves,wow,cares,sad,angry,haha,reactions_count,comments,content,posted_on,video,image,post_url
pfbid0QebtPu4jXmc9n9P8y9mgp6jHrUawEn67pQ7hEKPANUeRFD73jsTpp78iLqdcEN8wl,Le salarié,21,3,0,0,0,881,0,0,884,1,مدينة الدارالبيضاء #صديق_الصفحة,2022-10-15T16:45:50.129694,[],https://scontent.frak3-1.fna.fbcdn.net/v/t39.30808-6/310484780_5573595186066272_6959854681912344502_n.jpg?_nc_cat=1&ccb=1-7&_nc_sid=8bfeb9&_nc_ohc=JXl8uCLjvEAAX8UbWgo&_nc_ht=scontent.frak3-1.fna&oh=00_AT_y0qQG4gE82jZ--52B5bn_GHniJ7giNykR3CRlzzZ8aw&oe=634FAE50,https://www.facebook.com/salariemarocain/posts/pfbid0QebtPu4jXmc9n9P8y9mgp6jHrUawEn67pQ7hEKPANUeRFD73jsTpp78iLqdcEN8wl?__cft__[0]=AZVr--uaUTfsnBbOf_Gdv1G5bOkKAmll59oXdK3AbvGUUuhE9qM4eLUpqBJGg3UWAYpUYIQkuZ0F2ddWkOYF0K6pec-1RTrY6hjPtoIELBHijsfUJLKWjsHNew57dDUmtobaU37tOx1hMLacJIui4fCD2YQwVhVHInWLHzH1WRIaCcmTUw2vscWq0Sc0H6IUxy-igQKOQH9p3AVZhvWVqW6a&__tn__=%2CO%2CP-R
pfbid025Jo4ksXbtFiEDmF5kuS69zZKLkoY23YNWTdxLfZ7bfxtUVbqkdf3c5wXazfchCWel,Le salarié,2,682,0,0,0,92,0,0,774,532,#صديقة_الصفحة,2022-10-15T16:45:50.448546,[],https://scontent.frak3-1.fna.fbcdn.net/v/t39.30808-6/310547948_5573579262734531_7853939110294259611_n.jpg?_nc_cat=1&ccb=1-7&_nc_sid=8bfeb9&_nc_ohc=WlgKpAdEWK0AX8W70F_&_nc_ht=scontent.frak3-1.fna&oh=00_AT98WgxWJUYdqb_RjsN_FAmolX111fhFOnwdJ_m3cG745A&oe=63505B23,https://www.facebook.com/salariemarocain/posts/pfbid025Jo4ksXbtFiEDmF5kuS69zZKLkoY23YNWTdxLfZ7bfxtUVbqkdf3c5wXazfchCWel?__cft__[0]=AZXE_dws8NZYcG-qP936UqWESMiE7T880SR2OI6p-SHZB5U3MQY9AVmCb5-WSxXRr8LaWPE75VDh56iBNeVB7Qr9zx8FtqQfRn-F-odrYNgo-g1DL5zjnX5PA6sT-zoQaD3l7HE07wLusJr65DqsuWgDyrIXnu9gM4IkZpYp2DLb2YUiL75uhjFWxzs4A5GVJkSoBVPYmS3NQ-PvdTiN-Kxb&__tn__=%2CO%2CP-R
pfbid0NfbzJVL3xYysHsfXWfcMzunRSKhYswD5whevhMBhifA8JfztAPfSNmRSts8vD9CNl,Le salarié,54,2,680,0,0,0,0,0,682,879,20 مليون شهرياالسلام عليكم، بمناسبة القرعة الامريكية و الناس اللي تعزلو و هما خدامين فالمغرب وكيحيروا فقرار انهم يمشيوا او لا، و حتى للناس اللي مخدامينش و جاتهم القرعة الامريكية، في اطار رفع المعنويات، اخوكم قرى فالجامعة هنا فامريكا و خديت bachelors degree في التجارة الدولية، تخرجت مع وقت كورونا و ظروف صعابت نلقى خدمة، توجهت لسياقة شاحنات و دابا كندير تقريبا هاد صالير اسبوعيا، بصراحة قراية مزيانة للواحد يثقف راسو و لكن ايضا كين طرق اخرين الواحد يقدر يتبعهم ويدير اضعاف مضاعفة ديال فلوس الا كان بصح القلب على الخدمة. مهم الناس اللي جاتهم القرعة توكلوا ع الله را امريكا فيها فرص كبيرة. اه صالير اسبوعي هاداك يعني هاداك ضربوا فأربع اسابيع ويعطيك فالشهر  الله يوفق الجميع #صديق_الصفحة,2022-10-15T15:45:50.995384,[],https://scontent.frak3-1.fna.fbcdn.net/v/t39.30808-6/311569922_5573511346074656_1606094518048188021_n.jpg?stp=cp6_dst-jpg&_nc_cat=1&ccb=1-7&_nc_sid=8bfeb9&_nc_ohc=3LN6zfhFJh4AX9Tl-Gw&_nc_ht=scontent.frak3-1.fna&oh=00_AT98exqVqryN5HiPAP75wVbS_VKFiccv5-1AWJawut_GIQ&oe=635071AD https://static.xx.fbcdn.net/rsrc.php/v3/yw/r/8iuTX4LlGZO.png,https://www.facebook.com/salariemarocain/posts/pfbid0NfbzJVL3xYysHsfXWfcMzunRSKhYswD5whevhMBhifA8JfztAPfSNmRSts8vD9CNl?__cft__[0]=AZVyf8aAocE0s8SXSapAy9kkPQ4d6pjqAVpAyuF_obKY3d1FWLzbFvvddNn1URYpxWqv3M4U7BsJovV_xpLa-8DCTUXyijlzpsLrXq4Hf_PDRfw3FdRtGobC4H2aPGRQJO7DosVjVLSI4ZyUOcehwBSDUvJa5WFqQUJph8Ngoj87NgHmfxMto2mITmszeP69ZpUjzCQOYwuYSRDNyRs3dAY6&__tn__=%2CO%2CP-R
pfbid02AscttitJJeiqiWvdSkAGGcZssCiWztse9Y28p4Pf3gVNxyTFZt89nt92PcX4vXwol,Le salarié,63,5,3,0,0,0,0,0,8,3,#صديقة_الصفحة,2022-10-15T15:45:51.207652,[],https://scontent.frak3-1.fna.fbcdn.net/v/t39.30808-6/310476993_5573413552751102_2428776249122750740_n.jpg?stp=dst-jpg_p180x540&_nc_cat=1&ccb=1-7&_nc_sid=8bfeb9&_nc_ohc=rc0ZDlR9vtEAX8p2ko2&_nc_ht=scontent.frak3-1.fna&oh=00_AT9rxR1VDt__2umbdcxeT4kpOgk99InXN4AXiiVGTpEHyA&oe=6350F0D0 https://static.xx.fbcdn.net/rsrc.php/v3/yw/r/8iuTX4LlGZO.png,https://www.facebook.com/salariemarocain/posts/pfbid02AscttitJJeiqiWvdSkAGGcZssCiWztse9Y28p4Pf3gVNxyTFZt89nt92PcX4vXwol?__cft__[0]=AZWyfTeZnFq_e1dG-z0NcJjl89SbcATJheWAnSIRm_jaRtkNnVq42FPdo3KGWP8r8qnf6DHMY5GB8_tMnALQWgin7x_NFwL3OBQVp_P7qC03lHpcceHGLBb6t5K6zKVqh6eYUrsN14zEn7ny6LzfDFIKEK2i-jOF1GZp35iymOGMkCc_QhOzDTRlJt47jChA0IwO698A-aJFNtzOLhJT8j7u&__tn__=%2CO%2CP-R
pfbid02hrZeRtaDNxnskA6nJCA5GDhdCpzhYWUzs1NhqCve2eZPQ4hDLp7MNbcke6rtvEp3l,Le salarié,9,652,0,0,0,0,0,176,828,235,عرض عمل : تقنيين و مهندسين فلاحيين مع التجربة في زراعة الخضراوات و تربية الابقار الحلوب بدولة موريطانيا.,2022-10-15T14:45:51.435187,[],https://scontent.frak3-1.fna.fbcdn.net/v/t39.30808-6/309476291_5573284896097301_8438376424086130925_n.jpg?_nc_cat=1&ccb=1-7&_nc_sid=8bfeb9&_nc_ohc=_4fd8xIzN58AX_tg5Jr&_nc_ht=scontent.frak3-1.fna&oh=00_AT_nn7DNHd2DXr8Ccj8SKbPi592gCq3XMonNqwz9HLVgcg&oe=63509084,https://www.facebook.com/salariemarocain/posts/pfbid02hrZeRtaDNxnskA6nJCA5GDhdCpzhYWUzs1NhqCve2eZPQ4hDLp7MNbcke6rtvEp3l?__cft__[0]=AZWj-tHHpYOi7wikqhOvZLgM_yIznxKwezSrek81qbpDkRsbG8uRydH1ef7VOXB9s5XFParTEIu72KrxXf1dOHpgdkfB-x1jDJIxEccSnY0dRAX7mH1RXFcmzZ19iiQnXBVVCspyIc2FxU91ZFuAyPGFXFGjsTkXHFn9JJVl3hdoFwRPgcFmVZGm7PtnDdnfMjc9YNJPm21VK6a_QQm_9-vn&__tn__=%2CO%2CP-R
pfbid03sFSwpR5GwtizdMdCVMRhA3HeQuPyaRmANFzeUgvF9DijQ4XJ1TnaygnqLCyxavkl,Le salarié,30,3,1,0,0,0,0,0,4,3,#صديقة_الصفحة,2022-10-15T14:45:52.327408,[],https://scontent.frak3-1.fna.fbcdn.net/v/t39.30808-6/310491981_5573246212767836_4211674953358173862_n.jpg?stp=dst-jpg_p526x296&_nc_cat=1&ccb=1-7&_nc_sid=8bfeb9&_nc_ohc=0WUF12LM1yMAX_v4b2k&_nc_ht=scontent.frak3-1.fna&oh=00_AT9HWd69IPkuYOncH7W7kH-ZDbSltPpi9zppUd_z_qzmtQ&oe=63509D4A,https://www.facebook.com/salariemarocain/posts/pfbid03sFSwpR5GwtizdMdCVMRhA3HeQuPyaRmANFzeUgvF9DijQ4XJ1TnaygnqLCyxavkl?__cft__[0]=AZU_LQNCEb5CcmSHqP2u5o08sPDvjLS0099kGN0vRnyK8LPceJ3yJrC1UJ-O30FUyWDntsM9CdO9KDk2IBHbAyYjZ5MOwq_6QRURUgNL-OswgQRLRzRp4kTdgCsWQvS7AFF-kkOqWVGTy8B0CaGtB79TxaaUpTvfqEVFVR40qWqYp6Xubd4Waev_hhVYpe8FCHZL1Lrz1qNmfcJ037IyPISM&__tn__=%2CO%2CP-R
pfbid02rLLTmGWFzDRjmc4oJA29j1YozHpQXQeoz3PRVWrS57MUaLjuc1BZbAHMipKZAA9gl,Le salarié,12,399,37,0,0,0,0,0,436,71,,2022-10-15T13:45:52.735212,[],,https://www.facebook.com/salariemarocain/posts/pfbid02rLLTmGWFzDRjmc4oJA29j1YozHpQXQeoz3PRVWrS57MUaLjuc1BZbAHMipKZAA9gl?__cft__[0]=AZVnBFtpALvQLtsgcCQ93fsZyene_OxiSWVLCbLQLosvmqYqBSOJswTUT5Ke0w7GzkBGm6hoDt0EOV1pQIy8MsoYSAAuesJWOGhxGt-Bz6mzAJ0DlsMR-6i-KBD3-5pln5Ho1BfaX0JFiqBvcqOJ3N5THrqERvJvIPIUzcL9MJQCp7kcbHSH35l70yXaMFd3Z0hT07GkM6-qf2gmioTqipFC&__tn__=%2CO%2CP-R
pfbid0WjnePKssswCpZTfKiHLS2imtDNdFDsZY6xD9u74pAdfcDVNNuXKBpTsove7GcxTdl,Le salarié,7,176,16,0,0,0,0,0,192,33,"ملتقى المدارس التقنية و المهنية في الكيبيك بكندا و المنظم لأول مرة بالمغرب تحت اشراف مكتب الكيبيك بالرباط بكل من طنجة و الرباط و الدار البيضاء ايام 15,14,12 على التوالي. وتنظيم شركة Karavelopub.",2022-10-15T13:45:53.458690,[],https://scontent.fcmn5-2.fna.fbcdn.net/v/t39.30808-6/310554900_5573179192774538_3377359328383114434_n.jpg?stp=dst-jpg_p843x403&_nc_cat=101&ccb=1-7&_nc_sid=8bfeb9&_nc_ohc=xsFEw4-LJSEAX-T_hA4&_nc_oc=AQmUV5gXXA6B8zLAU39KV2T_oGqIfLQnxClN8Kdcy2lO994q2wk_42av0G3BsfrlQ-Q&_nc_ht=scontent.fcmn5-2.fna&oh=00_AT-b_w74EQhWrBJYXThQ6PKJilS9zsYydsXsIka7AAoOuw&oe=63503718,https://www.facebook.com/salariemarocain/posts/pfbid0WjnePKssswCpZTfKiHLS2imtDNdFDsZY6xD9u74pAdfcDVNNuXKBpTsove7GcxTdl?__cft__[0]=AZWfZ_mHGugqkPL8v33SFKAJhc5hiIBGrMEiuIcHAogYLOgfiZr6Me8EuGJd1JDEgcr5qUCgWyvlD5pwi8y8RWpMQeSZr_WZeHBaxdeSejZCP8O5vAPtrOUqGuofd-DVk99zZjlfZPi_AwSUvXCeTlPPV2yCOhF3ZrMwQcWOua_pZbf5arsNwDOw9WAOEALq3QiDnLlb4yfPbyOoQYtb7Lrm&__tn__=%2CO%2CP-R
pfbid02BSVV7j4TkA6Yg2fj8v75QMZPEhxbqD9z7pZebr2P3KjpoZyqdNfjTpQ2ceNAcudUl,Le salarié,20,1,0,0,0,0,0,262,263,2,#صديق_الصفحة,2022-10-15T13:45:54.950638,[],https://scontent.frak3-1.fna.fbcdn.net/v/t39.30808-6/311877312_5573165296109261_809059254597579736_n.jpg?stp=dst-jpg_s640x640&_nc_cat=1&ccb=1-7&_nc_sid=8bfeb9&_nc_ohc=KEPWqRcXVa4AX8r8QxY&_nc_ht=scontent.frak3-1.fna&oh=00_AT8IaHf6vmSBrmfNC7qt7A9EUQ-U-XeHUYwFDEjOgGG_zg&oe=6350CD2C,https://www.facebook.com/salariemarocain/posts/pfbid02BSVV7j4TkA6Yg2fj8v75QMZPEhxbqD9z7pZebr2P3KjpoZyqdNfjTpQ2ceNAcudUl?__cft__[0]=AZVkr_NdF0ewryVG1aDc64GUTxfm2c65dGzziTR8dqschHPTlWDgovcqE4UFvo3hLLpIRzeaPHsgN3ZPjYNBAw6NIkAp4zVeGRXrdfkswIezipNPHZY7Lr72Y-xZCNT-JoptLVwOXT2y_yyp3zdCMb9KEFQz_XOhX7o2VaUFgsEK2wsI-RXV57r31tKN0Isp3nFeOQrtetngKCuWYlhH2SGy&__tn__=%2CO%2CP-R
pfbid02UFjnznUyvfuAhbtRTG2vuuDJhrteHYqy5ehfjH797Kpgkyjz1k9VXFjW475A3dSEl,Le salarié,40,983,111,0,0,0,0,0,1094,483,#صديق_الصفحة,2022-10-15T12:45:55.166511,[],https://scontent.frak3-1.fna.fbcdn.net/v/t39.30808-6/311243178_5573036342788823_1852026849059470715_n.jpg?stp=dst-jpg_p526x296&_nc_cat=1&ccb=1-7&_nc_sid=8bfeb9&_nc_ohc=x0hKhoBv7SwAX_3QmCL&_nc_ht=scontent.frak3-1.fna&oh=00_AT_771SXOri2GTyQ7rkvlUO1fE0YD8YeaerBoBhqZtGqGg&oe=6350D6D6,https://www.facebook.com/salariemarocain/posts/pfbid02UFjnznUyvfuAhbtRTG2vuuDJhrteHYqy5ehfjH797Kpgkyjz1k9VXFjW475A3dSEl?__cft__[0]=AZWJ8REPTCUevkYKDIQRltaPxqnNVTqYua1SuRrjRG5TInZWLrgb1WI5jhv_EsXKVM2n-di_v-9ZyDLfIxQdNTcUaNGUy2785X_TTzUJ4c4fsUKjXLcP77gUxlEvmG-UnnxxLoj5q36Z9l2q-PcuROXYpFCTPCacMrBwqhX4GAT5AyNIEgCgo4hGRbJL7TNdyL20ruViXGS988kISSG1KGkp&__tn__=%2CO%2CP-R
pfbid02magx8VuzwkkVGvuUFnPWCTNezSRotrkSDwu365qz3YGeGA5UsVwB1kQmipyJS3NAl,Le salarié,21,1,110,0,0,0,0,134,245,472,ممكن من فضلكم من مغاربة كوريا  مشاركتنا على الخاص كيفية الهجرة للعمل  و ثقافة الشعب والمهن المطلوبة.شكرا جزيلا,2022-10-14T23:45:56.483658,[],https://scontent.fcmn5-2.fna.fbcdn.net/v/t39.30808-6/310481617_5571360536289737_7922184351095877908_n.jpg?stp=dst-jpg_s960x960&_nc_cat=108&ccb=1-7&_nc_sid=8bfeb9&_nc_ohc=Kk8AvEW8T7MAX8ZuLrc&_nc_ht=scontent.fcmn5-2.fna&oh=00_AT97pbhqPfs5q9iWpA5C-n_-cXi5UiE0yaSrE3mhbmdA4w&oe=6350B4E0,https://www.facebook.com/salariemarocain/posts/pfbid02magx8VuzwkkVGvuUFnPWCTNezSRotrkSDwu365qz3YGeGA5UsVwB1kQmipyJS3NAl?__cft__[0]=AZVjuqPJyhZ-JP1E4rJIqjglmL-IJgo5hpeLU7sdsHPxmvWR31zVkGcJWMaSW7izs8XThevyQ40uD2eIgEwj-bIxrlX-pxFK18vABSmvQU7JzZHmpSLKgpJ_Ks32H_ZgD-_HSft5KoPhBJqw8drtxUgncxuCtSEl51wUKRAwy1KSXLSyB7DBXE2cd_igPZ7SZ1D1X3WnFD9vuMDXe3p6Nl8B&__tn__=%2CO%2CP-R
pfbid03733nhhUYhP2Bj5riGqXQZcBxkWwwCLH8Jd9yx1NXPmKeoj4y48FEgnA8CUUrDdcrl,Le salarié,16,1,0,0,0,0,0,683,684,1,ممكن مغاربة مصر أو  المهتمين بالشؤون الدولية مشاركتنا . هل السوق المصرية جيدة للإسثتمار . وثقافة الشعب المصري .شكرا,2022-10-14T23:45:57.291336,[],https://scontent.fcmn5-1.fna.fbcdn.net/v/t39.30808-6/310466969_5571314146294376_7642669920143224628_n.jpg?stp=dst-jpg_p526x296&_nc_cat=110&ccb=1-7&_nc_sid=8bfeb9&_nc_ohc=PyF6TWs-dcoAX9_jxdK&_nc_ht=scontent.fcmn5-1.fna&oh=00_AT_58MS-1oN69qWIN7fFccH0NC-ortQGJH2_0Ip4Ndpu9A&oe=63503226 https://static.xx.fbcdn.net/rsrc.php/v3/yw/r/8iuTX4LlGZO.png,https://www.facebook.com/salariemarocain/posts/pfbid03733nhhUYhP2Bj5riGqXQZcBxkWwwCLH8Jd9yx1NXPmKeoj4y48FEgnA8CUUrDdcrl?__cft__[0]=AZV0TVp3kQYWwT0OBH6FgoMdHyDj8Lmt6VtaqV71DCNd2THK5K1jLVznXy87NcB4K7noquJxxwe2icLrVVMn31YUBV1GfyX4PMNz175uxUPIs7ajUVDsdlzqmjnakpVlA2hXb_TiTpSTAhQhJzVeX3upxDUe0Tea-UV25juBlkkwBDimNKQQFFfJ2v8EvfzCOlEPyk7cLGhQH43srpgIWRZW&__tn__=%2CO%2CP-R
pfbid02Y3uWjN2dX7obvKJin3cQTDCDkxVXuFet2aZ9tvtYdBNwZtmPLizH97TBpPs8ZrdNl,Le salarié,30,1,0,0,0,2,0,0,3,215,تعازينا للشعب التركيلقى ما لا يقل عن 22 عاملا مصرعهم وأصيب 28 آخرون في انفجار وقع اليوم الجمعة بمنجم فحم في شمال غرب تركيا، بينما لا يزال عشرات من العمال عالقين على عمق يناهز 300 متر تحت مستوى سطح البحر.,2022-10-14T23:45:57.520513,[],https://scontent.fcmn5-2.fna.fbcdn.net/v/t39.30808-6/310437185_5571295242962933_3970258052960290670_n.jpg?stp=dst-jpg_p180x540&_nc_cat=100&ccb=1-7&_nc_sid=8bfeb9&_nc_ohc=0XFQtbSsuLgAX-luQvB&_nc_ht=scontent.fcmn5-2.fna&oh=00_AT_uPieI3HgP4ijzHStXA6DmgJbJzHaaHsyuEFZfVc70RQ&oe=634F887B,https://www.facebook.com/salariemarocain/posts/pfbid02Y3uWjN2dX7obvKJin3cQTDCDkxVXuFet2aZ9tvtYdBNwZtmPLizH97TBpPs8ZrdNl?__cft__[0]=AZV_te2UrirAA6FYlNxZtNA3atpUl_FiwQt1sQuepWEofmMq2OEM4CyjdJKgeB4H54RNHQKeKeEtmVFz2_YmS2c6xv9y22UyNPZw3iF9Zvr3_4_JZ0z829wPs3MNcP7yyia4kZP28ZNgK73IyACWIBVBRgr5yFsX4nwSkR1ae-GEEd9R7Y-mUtft_aLx2P8wP_0kwpIT8qXAtgCs11xrGG_g&__tn__=%2CO%2CP-R
pfbid02xDco2c3y9JH5fu8qTZ7SrU6dWQnvAu7aZgF8mnEfpJjdL5CthvPREovKc2A1dU41l,Le salarié,9,1,674,0,0,0,0,0,675,299,"دعا المجلس العلمي المحلي بالرباط، في مذكرة له، خطباء الجمعة إلى ضرورة الالتزام بـ""الزي المغربي"" أثناء خطبة الجمعة وتوحيده الزي، والذي يتكون من القميص و الجلباب والطربوش وتغطية الرأس وارتداء السلهام.",2022-10-14T23:45:59.650536,[],https://scontent.fcmn5-2.fna.fbcdn.net/v/t39.30808-6/310455112_5571286806297110_6293952889566070985_n.jpg?stp=dst-jpg_p526x296&_nc_cat=107&ccb=1-7&_nc_sid=8bfeb9&_nc_ohc=hbtaVgnQOmYAX-SrHhB&_nc_ht=scontent.fcmn5-2.fna&oh=00_AT9irzhzAyW1-2zozttUWKEUpWGWSfpFndEjMXNgGtENBQ&oe=635100FD,https://www.facebook.com/salariemarocain/posts/pfbid02xDco2c3y9JH5fu8qTZ7SrU6dWQnvAu7aZgF8mnEfpJjdL5CthvPREovKc2A1dU41l?__cft__[0]=AZURRVKV5rCMAbDdo_DppHyAMjXMI2NlxqCKpyJGRQ0i4Riz51tWotuWM26YqnxtuVGWHdHlckzGCuwzD-8a9hJwt_qeo_kLYRpmx7IgTpPVZd-k86P5GWFzsnh9zFbPtc3VUFxsa1dDMSGDu79owRkODcpcVPlaQnkIjbD9J97mQHM7QKaK94B6dd58ph1VKHHuApzXgR8qywv56LEymeKr&__tn__=%2CO%2CP-R
pfbid02GaCW5S7CKU6Dhp2tdYY6uiXAUHgL5mzRpwTvFP3XobuaQPtspQStv9H6P11pNNYnl,Le salarié,69,2,344,0,0,0,0,0,346,461,هنيئا لمستخدمي شركة إتصالات المغرب. زيادة في رواتب بنسبة تقدر ب 10 %.,2022-10-14T22:45:59.871580,[],https://scontent.fcmn5-1.fna.fbcdn.net/v/t39.30808-6/310450736_5571176386308152_7067168211949779876_n.jpg?stp=dst-jpg_s720x720&_nc_cat=102&ccb=1-7&_nc_sid=8bfeb9&_nc_ohc=0zOh91efWjoAX_RyOPF&_nc_ht=scontent.fcmn5-1.fna&oh=00_AT9WSlRG1WfUAEgMGtBa4GzIRHJWjy_Nq9cd3sfIH5L-jQ&oe=635054B7,https://www.facebook.com/salariemarocain/posts/pfbid02GaCW5S7CKU6Dhp2tdYY6uiXAUHgL5mzRpwTvFP3XobuaQPtspQStv9H6P11pNNYnl?__cft__[0]=AZUVu-tNbMAnKM82e5cg9mJ1Gb3W4s3cpIg7sUsbCOEG-z-yazITFwRTtnWcoYUe51AztVP2ppaGjKK0cch3i8EKfySuXdVerinXwFMLbMC2FEh6z5htf0q9QssiNkVw7GTkrPnVT_yL_Z21iKYj0TRj7njWv4P0pMNaU-PJlYFmySaSqX-t4r3Cnvq6CU4OBoWbn6iCVRBjpbpBNBBkRRiu&__tn__=%2CO%2CP-R
pfbid0231tMtE1t4SKqLzbRLQ5PCfEGuiPiJAZrm3cohj5r6uDpqWnLLus5hgu3nmSwrae2l,Le salarié,17,911,0,0,0,0,0,138,1049,250,مطاعم ماكدونالدز المغرب توظيف 80 منصب  عاملين و مسيرين حظ موفق للجميع.التفاصيل و التسجيل في  التعليق,2022-10-14T21:46:00.237562,[],https://scontent.fcmn5-1.fna.fbcdn.net/v/t39.30808-6/310479785_5570141366411654_5207910826262937157_n.jpg?_nc_cat=109&ccb=1-7&_nc_sid=8bfeb9&_nc_ohc=0n1hZ2Y4kOIAX8D2kiy&_nc_ht=scontent.fcmn5-1.fna&oh=00_AT_5Fni8DZLtDVIjjTFftaUAebE3Ie4YTfVlnapEYpj6LA&oe=634F167D https://static.xx.fbcdn.net/rsrc.php/v3/yw/r/8iuTX4LlGZO.png https://external.fcmn5-2.fna.fbcdn.net/emg1/v/t13/14278303208474792572?url=https%3A%2F%2Flesalarie.ma%2Fwp-content%2Fuploads%2F2022%2F10%2FMcDonalds-Maroc-Recrutement-Equipiers-2022-750x375-1.png&fb_obo=1&utld=lesalarie.ma&stp=c0.5000x0.5000f_dst-emg0_p98x98_q75&ccb=13-1&oh=06_AaqeCdlvVEUE8-vIa-oUixHvxuhCEmSUHc7y3Jeeffs3cg&oe=634C87C0&_nc_sid=aeaded,https://www.facebook.com/salariemarocain/posts/pfbid0231tMtE1t4SKqLzbRLQ5PCfEGuiPiJAZrm3cohj5r6uDpqWnLLus5hgu3nmSwrae2l?__cft__[0]=AZV_O4qE3LuAUdX6C1Vxaa03vxjOjAMxo99REdZCePa4trPff76ZQ09ktRvkWEC6BtfU3E1om06R28VcAvNQR6-piUBTEWQpKxbdkj7k44WorHdFxKShltredyIS679b28GvcgkyTMKm47bA4v1XuDUrO9I6-IQiJhiG7U69kwIzQLcqIaFSz1ThxnEQFqSGziREc9gjf-mMl0gofs9Z0PiD&__tn__=%2CO%2CP-R
pfbid029ZB1oKrG8FyXyBCxyNZ9AW5tAdkwZrZhGRnmi7bDqGSG96GnFytnQDezEUiPvESvl,Le salarié,92,1,135,0,0,0,0,0,136,269,,2022-10-14T21:46:02.608342,[],https://static.xx.fbcdn.net/rsrc.php/v3/yw/r/8iuTX4LlGZO.png https://external.fcmn5-2.fna.fbcdn.net/emg1/v/t13/11004277994112758935?url=https%3A%2F%2Flesalarie.ma%2Fwp-content%2Fuploads%2F2022%2F04%2FAnapec-Skills-Recrutement-de-107-Postes-au-Canada-lesalarie.ma_.jpg&fb_obo=1&utld=lesalarie.ma&stp=c0.5000x0.5000f_dst-emg0_p98x98_q75&ccb=13-1&oh=06_AarHD_oR6szwaWFApzvKkfmMAYzJfJRxnx6ztYddhRnsfA&oe=634C9AEB&_nc_sid=aeaded,https://www.facebook.com/salariemarocain/posts/pfbid029ZB1oKrG8FyXyBCxyNZ9AW5tAdkwZrZhGRnmi7bDqGSG96GnFytnQDezEUiPvESvl?__cft__[0]=AZWHTvh8xlJ4dL8kU6KI4XwIhY_obFd2G81NUTAqeU4XCebzC7Ur6oaqriY6p5WA9GlWi8sOvO5DO3bvcvzHKZ-QC4Sou8sTxEeEykpRorYaELaK1CDJ9pd6T7U0V_Vauu6yjFcEhOmZnnFXSIQ2CNh26zOzCAI_djajip5_2S-A2oPsgJzDdX7QalRw00Pd9Nc6KoDYy-USD1u3xYXP_It_&__tn__=%2CO%2CP-R
pfbid02YRy24JV73tVayfNQUkCkfpdRGydLJh3t9qhEw9sMrwiwmqQyVBTogSWpFejbG8k7l,Le salarié,80,2,164,0,0,0,0,0,166,587,,2022-10-14T21:46:03.197719,[],https://static.xx.fbcdn.net/rsrc.php/v3/yw/r/8iuTX4LlGZO.png https://external.fcmn5-2.fna.fbcdn.net/emg1/v/t13/9044356699470662092?url=https%3A%2F%2Flesalarie.ma%2Fwp-content%2Fuploads%2F2022%2F10%2F%D8%A7%D9%84%D9%87%D8%AC%D8%B1%D8%A9-%D9%84%D8%A3%D9%85%D8%B1%D9%8A%D9%83%D8%A7.jpg&fb_obo=1&utld=lesalarie.ma&stp=c0.5000x0.5000f_dst-emg0_p98x98_q75&ccb=13-1&oh=06_Aaot6GscT9knb57-w0i7wy7L-17SkWJm5vpYsKSADeFkYQ&oe=634D0C92&_nc_sid=aeaded,https://www.facebook.com/salariemarocain/posts/pfbid02YRy24JV73tVayfNQUkCkfpdRGydLJh3t9qhEw9sMrwiwmqQyVBTogSWpFejbG8k7l?__cft__[0]=AZWG8jyID4tgTxD-wHRJjmOdMieiQ6Wa6qUYMMv38k0DNpaltrtFLdmOn2zqyDzi7iZVR6Lu6bveB9hYlr_PKgsgqPdHUHsFfCZEVXiVK-GhqvCgWd77NWKMu-IB8mzVuLKu9y6Bwa245AOAFN0PDYkeG-n5ryZ9o8FKskh5g88TczqtR34W4B-u7JiLVnshqzWSUNGanlXwOa7qMT7dqd4x&__tn__=%2CO%2CP-R
pfbid02rwcNyVeN1ZNhtaUuWw2DcMupkApYSE1tv1ZKGnjzs4UvqLocXjJtrWhh93BiaDDjl,Le salarié,25,352,0,0,0,0,0,0,352,43,,2022-10-14T21:46:03.956054,[],https://static.xx.fbcdn.net/rsrc.php/v3/yw/r/8iuTX4LlGZO.png https://external.fcmn5-2.fna.fbcdn.net/emg1/v/t13/1162171727352011051?url=https%3A%2F%2Flesalarie.ma%2Fwp-content%2Fuploads%2F2021%2F05%2FEFE-Formation.jpg&fb_obo=1&utld=lesalarie.ma&stp=c0.5000x0.5000f_dst-emg0_p98x98_q75&ccb=13-1&oh=06_AapzoqEEzDO6oBGPPTKAO74fcPzX2OBeG8uyjRP_XJmzGA&oe=634C84E3&_nc_sid=aeaded,https://www.facebook.com/salariemarocain/posts/pfbid02rwcNyVeN1ZNhtaUuWw2DcMupkApYSE1tv1ZKGnjzs4UvqLocXjJtrWhh93BiaDDjl?__cft__[0]=AZVb1jZenbYNS-pbteO_GFZ9T72I4PCcnBMMC4X0BdwGLh1ioOjzkx6ztn1io0MN9Mh5fjz8Yxv9xxdIKT8MJdN3YXq3L5hec45uO8zxyYY_uu21I3LSI03Lm2yZ6G1qhkuNzOXTgJ7iSVH9KB9ADKx3avOCaN-WMk1I8PRVi6gwSoUumlFhG6Iy94NQpV51rEopaQaScc66uaBiZX-YWgBe&__tn__=%2CO%2CP-R
pfbid0De3u8u8VMYEyrPdSht9fb3Sr6ADKNfvTxetBFXzU9fhwN6ZT5G39i2pwHZURRX4Ul,Le salarié,58,1,279,0,0,0,0,0,280,263,"إضراب محطات البنزين بفرنسا . صديقنا أسفله هو السبب : بعد ليل عاصف وجدال طويل الساعات،  اتفاق مع بعض نقابات العمال وليس جميعها على زيادة نسبتها  7 في المائة على رواتب عمال محطات البنزين بفرنسا .لكن، المسؤول الأول في ""الاتحاد العام للعمل"" فيليب مارتينيز (صورة ) لم يقبل ويصرّ على زيادة نسبتها 10  على رواتب العمال، لا بل ويدعو إلى إضراب يشمل ميادين أخرى يوم الثلاثاء القادم، والنقابات الأخرى تفكر في هذا الأمر.موجز سريع عن فيليب مارتينيز يلي مع فريقه ونقابته لم يتنازلوا، حتى الآن عن مطالبة شركات النفط بزيادة 10 بالمية:Philippe Martinezتم انتخابه أمين عام لاتحاد العام للعمل ( CGT) في عام 2015 وكان انتخابه صعباً وبفارق ضئيل عن منافسه. ( CGT) هو اختصار لـ Confédération générale du travail ترجمتها بالاتحاد العام للعمل، هي  أقوى نقابة عمالية في فرنسا.من أهم أفكار فيليب والتي يدافع عنها هي أنه مع نظام 32 ساعة في الأسبوع من أجل خلق فرص عمل جديدة، ومع أن يكون راتب السميك هو 1800 يورو، ومع أن يكون سن التقاعد 60 سنة وليس اكثر.هو مع فكرة أنه من واجب فرنسا استقبال مهاجرين، وضدّ التفريق بين مهاجرين لأسباب اقتصادية ولاجئين .من مواليد 1961 وكان تقني في شركة Renault وممثل نقابة العمال فيها في عام 1982.تفاصيل حول الخبر وحول هذه الشخصية المعروفة في فرنسا في التعليقات لمن يريد الاطلاع.بالتوفيق للجميع.",2022-10-14T21:46:04.840782,[],https://scontent.fcmn5-2.fna.fbcdn.net/v/t39.30808-6/310497089_5569927346433056_766368386068309215_n.jpg?stp=dst-jpg_p526x296&_nc_cat=103&ccb=1-7&_nc_sid=8bfeb9&_nc_ohc=ceYbyr1RF-YAX_XBg36&_nc_ht=scontent.fcmn5-2.fna&oh=00_AT_gHU-wnW7lCIgK9mLp_q8FyHURn7SXuyoyg6yHXOGcxg&oe=634F8991,https://www.facebook.com/salariemarocain/posts/pfbid0De3u8u8VMYEyrPdSht9fb3Sr6ADKNfvTxetBFXzU9fhwN6ZT5G39i2pwHZURRX4Ul?__cft__[0]=AZXRR-orHD3XxccWCPe4Za9PkVvvO2QiphlMfD76ntgyMJXb9LHi4hmgqV6H2Wufo__nUBqGvxsX0WGVi-lsE2Kfawa1StlT3E7Exb2X-Bwf1B9S3RvZfkPsRC_ypmMHEkcTW0qvEz56VOp-idTQizFt9F3bGNu9yrtBcAjDouu__Rvx6CK1z9x8Xjlab4jblxWGYxTgIw-D6h1E6c-s-7tq&__tn__=%2CO%2CP-R
pfbid03794Akqz9kwpxPxYLdHPFaVY12oU9VQjrjUSKWD6f7gA91q1KBedRXSRug8R6SSLbl,Le salarié,31,322,0,0,0,0,132,292,746,424,عامل إقليم تاونات يعلن تنظيم عملية إنتقاء  عاملات للاشتغال بمعمل للكابلاج بطنجة.,2022-10-14T21:46:05.299127,[],https://scontent.fcmn5-2.fna.fbcdn.net/v/t39.30808-6/310433197_5569844263108031_2413478079065839981_n.jpg?stp=dst-jpg_s640x640&_nc_cat=103&ccb=1-7&_nc_sid=8bfeb9&_nc_ohc=vQzyJ45bERkAX8J1BbJ&_nc_ht=scontent.fcmn5-2.fna&oh=00_AT_yp7r__KthSqLRrITzLmkce_HwVeVBTgeIldNPLdZg1A&oe=634FCE94,https://www.facebook.com/salariemarocain/posts/pfbid03794Akqz9kwpxPxYLdHPFaVY12oU9VQjrjUSKWD6f7gA91q1KBedRXSRug8R6SSLbl?__cft__[0]=AZX0F-ApYI_qI8LoLtVO9l_i-yquWgDBzecOUoPksi1DEp3Egkfv5AfvaYdW-B6f3N6Ks8sSXVmzNVFKFIL396vuflo9gvbiddjaqi7ehjTB7KFez4eDtaG-gInfozyfsk9sjK2mtn3h8sb9tVfGAL_EOeEYNOjkV-jxOCOQNWp1xzEUZcoklymzOV7InLjdT7Xw25rstEvitxhUAR49Y0fg&__tn__=%2CO%2CP-R
pfbid02fSfZ4Gkv8z9BWVa3v4fxs5nC64STETti2nS6kZSDdKcxEMwFwD93XGcHmcxiVT2zl,Le salarié,153,1,0,0,0,0,707,389,1097,1,,2022-10-14T21:46:05.775296,[],,https://www.facebook.com/salariemarocain/posts/pfbid02fSfZ4Gkv8z9BWVa3v4fxs5nC64STETti2nS6kZSDdKcxEMwFwD93XGcHmcxiVT2zl?__cft__[0]=AZW9cDslo2JIRLWoHNUb27XBABggytd_kcCOg2H1bPfXA1_nMTs8St3fP1B5_p2THD4st7cJjd-k_mh2kdtoe5-V-3u_5aFfhr5HGYnp9b1JJhtqN42mEPZfou8d1JPESdkqgtu9Vg1z_bumpEDN9Y4FCjTk4JQNwa38wg0oiId78M6N7rQzOrxI45raGYjskzA75hhGFUT_zQ4gESMTWHWi&__tn__=%2CO%2CP-R
pfbid0EbRLDenE38oRbSioHg7F5LopyumNR4whSo17Y14s261R9N59LazQbYPNpgC3JHrFl,Le salarié,16,1,115,0,0,0,0,0,116,627,,2022-10-14T21:46:06.703125,[],https://static.xx.fbcdn.net/rsrc.php/v3/yw/r/8iuTX4LlGZO.png,https://www.facebook.com/salariemarocain/posts/pfbid0EbRLDenE38oRbSioHg7F5LopyumNR4whSo17Y14s261R9N59LazQbYPNpgC3JHrFl?__cft__[0]=AZWgZrDxRr2bFXA9_ZN1pJSIeZYs3EyULeQvOY8VRf62run3XwCgDNVQSyibH9zZRnKcnnN1JqGlJbks8QZNwdWJLfutK6PmH16SUGk6f8CLX80vKhpUZXMg2JR0Copb_tiDVddVBczZrr8eHFLjpsTKMNfJNfpApM3kU5A3x1Y_yIKZeB5kOHE7pqKTBHzgI5NFY77PiLDHQU7bAwcCz_jk&__tn__=%2CO%2CP-R
pfbid0kLHSoMRas7STmaM5A5NoiaCr4ndnuKHCVp8am9D417y7zSXa1Ac8czQrpjDrcdjLl,Le salarié,5,503,87,0,0,0,0,69,659,699,#صديق_الصفحة,2022-10-14T21:46:07.338045,[],https://scontent.fcmn5-2.fna.fbcdn.net/v/t39.30808-6/310423213_5569647663127691_8644268503420466225_n.jpg?_nc_cat=101&ccb=1-7&_nc_sid=8bfeb9&_nc_ohc=C9Bdw_AaW2MAX_xdUD3&_nc_ht=scontent.fcmn5-2.fna&oh=00_AT9GE18CCNOdTUBsfCA-7aQX7lE-Ieh5IKhxVq8At7KD0Q&oe=6350F941,https://www.facebook.com/salariemarocain/posts/pfbid0kLHSoMRas7STmaM5A5NoiaCr4ndnuKHCVp8am9D417y7zSXa1Ac8czQrpjDrcdjLl?__cft__[0]=AZWikTQsxfd7n-zkrn5JlAJVG7RaTSoYQ7zH2hboMrfYa76Vdvfd8qb6n30tkB-vvY9yOB-ywXSVjFl_Znvs1Y4xUiWVZ4nS8GNO4J7BrQhYJZpfikEqAnrByoX6R6EYA-nQ-VNNTq0jS-WFXfgVnpuQIZ0VbvBIVYCg2zqdmZ-W-pvGyb33SeowHQbxt_JQtTwchmK3GUZhQsBkYtDO0Sgi&__tn__=%2CO%2CP-R
pfbid02v42UoY79WxK73nKr6QDiNzJqQqcLKhB76v88M2YN52pvRi8wow2FWJrBeF6vHvo3l,Le salarié,6,54,3,0,0,0,0,0,57,0,الشركة الوطنية للطرق السيارة بالمغرب توظف عدة مناصب,2022-10-14T21:46:07.851336,[],https://external.fcmn5-2.fna.fbcdn.net/emg1/v/t13/17291093659588458601?url=https%3A%2F%2Flesalarie.ma%2Fwp-content%2Fuploads%2F2022%2F10%2FAutoroutes-du-Maroc-emploi.png&fb_obo=1&utld=lesalarie.ma&stp=c0.5000x0.5000f_dst-jpg_flffffff_p500x261_q75&ccb=13-1&oh=06_AaoTcXqFBhOMy4NqQoFHqyjKPj6Pt9c8a74S4WSNitG8hQ&oe=634CFD91&_nc_sid=aeaded,https://www.facebook.com/salariemarocain/posts/pfbid02v42UoY79WxK73nKr6QDiNzJqQqcLKhB76v88M2YN52pvRi8wow2FWJrBeF6vHvo3l?__cft__[0]=AZX1buTk8ugbXN-nBukAaEpCMQrvJ_u6qTTTNoOkWi0xLfFkJPx2yNbV2V9NN3cVWHlfhKt7UpSPdwtMoRAUKxQudx6EMKUDDGITlhfTlZvh0LuHHPz2-Zsmr_QeVgyACh_bn_zDyYwpjzq3z0M7WmJEa6-Zieo6XFTn5pIgr8NFuSRXA3sjbLQ888fGcsZXZ2r66JVUWoJLNtdtuGZFbErL&__tn__=%2CO%2CP-R
pfbid0ynGCnojyHCXbRUPErnn3Buj5e7aqdpbb22tm6Zz6htCW4Pdfhrwgnd3MgLWF1sCql,Le salarié,368,4,0,952,0,0,0,3,959,13,السلام عليكم. أنا راتبي 9000 درهم . مكنقدرش نعيش بيه شهر كامل . عييت معاه معرفت مندير . حاولت نتقشف . حاولت مناكلش في الزنقة وغير الدار . عندي 2 وجبات فقط في النهار القطور والغدا صافي . والله العلي العظيم حتى كيسالي ليا في نص الشهر . من بعد هاد المقدمة  ها حياتي ومصاريفي :الكراء : 3000 درهم ( قرب مكان العمل سيدي معروف معندي مندير صعيب حال نبعد  )الأكل : 2000 درهم للمصروف المنزليالأكل ومستلزمات المنزل : 1000 درهم من مرجان وكارفورالكهرماء : 300 درهمالإنترنت والهاتف : 600 درهم المازوت : 2000 درهم شهريا .النتيجة راتب كامل سالة بحالي خدام على ماكلة والكرا . ومع دلك بلا زواج منقدرش نتزوج بهاد راتب . هادي حياتي وهدا انا لقدرتو تنصحونا#صديق_الصفحة,2022-10-14T21:46:09.760164,[],https://scontent.fcmn5-2.fna.fbcdn.net/v/t39.30808-6/310394286_5569491279809996_7905314872522192197_n.jpg?stp=dst-jpg_p180x540&_nc_cat=108&ccb=1-7&_nc_sid=8bfeb9&_nc_ohc=n4q-XJ_QEQ8AX_lZ8RG&_nc_ht=scontent.fcmn5-2.fna&oh=00_AT_7KynvOGE2juTbva-QwtbP7lJPvf7q0QjH7xSmEPYacA&oe=63510557 https://static.xx.fbcdn.net/rsrc.php/v3/yw/r/8iuTX4LlGZO.png,https://www.facebook.com/salariemarocain/posts/pfbid0ynGCnojyHCXbRUPErnn3Buj5e7aqdpbb22tm6Zz6htCW4Pdfhrwgnd3MgLWF1sCql?__cft__[0]=AZXG0IlhKMxVFwKMzkhYbdwQ-YO0CIwuMjZ79btr7YzJ33UkRKliosa360NsrX56PcQQHqTc3Lbqb0RTB-O-yexhUMB-TPbxviSL3L1Ui9V0t0Qi13t9KgqyVSpfAQP6FyUQCFVno7-76GG1mVXn_cF3Waz5DaaFEXd5RIUFoACwPOYkLXnBCXi7wg6e4-dhSK71hutU_jDzWQD6vdhqJvql&__tn__=%2CO%2CP-R
pfbid02EfTduvoixNNtqvDHmuEGNo5xPUxkUo2zqVYer98CWuWoiN36kTeFndu79DuKJZrul,Le salarié,0,69,0,0,0,0,0,0,69,16,"Bonjour Barid Media recherche un ou une stagiaire maîtrisant excel. Profil : Technicien spécialisé en informatique ou secrétariat de Direction. Durée 1à 3 moisLieu Bouskoura,  transport assuré Contact@baridmedia.maMerci de diffuser auprès de votre réseau.",2022-10-14T21:46:10.163641,[],,https://www.facebook.com/salariemarocain/posts/pfbid02EfTduvoixNNtqvDHmuEGNo5xPUxkUo2zqVYer98CWuWoiN36kTeFndu79DuKJZrul?__cft__[0]=AZUSpadHAQPnMJN_vuReLuvFp_8eHXzgx7LESOV1h4R1uUfO4Tbuam2l5qX91FjHDLWmGZ8k9i5fKDOyPMqQP8VZr1bvfBkGe3qqN_3c-XM9yRLeNwIrvYrLfPUMEOVtgCLwMYRoOC1wfpqM99d5AP8yzmFHXPJAa2nMlycY3byx1mLRtP3V3Q33b5kfwK1QZkkPVIe1XuZ9qPr3oWSr2F9u&__tn__=%2CO%2CP-R
pfbid09f56WFs9rNfUo1aMhZTYMbyid1p2rmGET2C95gZMBgn3o3zaFcZDaq3S4EXAv5ydl,Le salarié,35,976,0,0,0,0,0,215,1191,834,,2022-10-14T21:46:10.398149,[],,https://www.facebook.com/salariemarocain/posts/pfbid09f56WFs9rNfUo1aMhZTYMbyid1p2rmGET2C95gZMBgn3o3zaFcZDaq3S4EXAv5ydl?__cft__[0]=AZUnVyMmtpTJV7LD3YYdi3ACW-IYCD-9a6LIy7iytsYDZ6s_Nt9ppVw8x0jTPvGNhrNMVfLnZlWBbRkfg8LujcEMd6hNLFLZ2oe-qI302FAnHdI7RF6JtB4BctRDDmfX22WYA-PmMsap7zjjEVbgF2fwpzrLgt4DMDrGK8N-xeyVM8T82j80nRg-_fs2WFW8S52Oyw9wl7Xlm_L465J_5ZFZ&__tn__=%2CO%2CP-R
pfbid027EBwDbMipg5iKePgRw6STHqxD3Y9izL3hiRwA7iXCmPazVMDS9RGowwaLBb3LSvel,Le salarié,78,1,0,235,0,456,0,0,692,844,,2022-10-14T21:46:10.946984,[],,https://www.facebook.com/salariemarocain/posts/pfbid027EBwDbMipg5iKePgRw6STHqxD3Y9izL3hiRwA7iXCmPazVMDS9RGowwaLBb3LSvel?__cft__[0]=AZVb2ZiRNB5SeoEZpIX352anHVjtkBruoekutFlNX270TPv_U60qAG1U0ZmLwfniqmZIxsai3cpu8VlDb2oJgikEgjHpt4xIXUT1ZK-Jwwc_G2pAJK5NzUyXXCn0eZH0EZaIie7Fnm7Fqds8MGwSehI8aZUvwSucZke1CkawEwY-Ce_YW_7NJ3ZY4X1aennRBeyJU-k0m8WcULmcj7DzCPk5&__tn__=%2CO%2CP-R
pfbid02XQEDfSePESxsuwbYKgWMcbfxQjYAhU9NitH7fismKK4cqZfCTWWahtvdDMZcTFxyl,Le salarié,27,2,153,0,0,0,0,0,155,276,,2022-10-14T21:46:11.357023,[],,https://www.facebook.com/salariemarocain/posts/pfbid02XQEDfSePESxsuwbYKgWMcbfxQjYAhU9NitH7fismKK4cqZfCTWWahtvdDMZcTFxyl?__cft__[0]=AZV5uA6p3wCOlXEurjW72mohgHqNcZCOgZ_xtYXZmHDZKYzhPKrAblSPzGUTJV-3dxR7vB3m2JMQCl9w-txlqsnlqxnFstZQ393Ajyzkijbf7wXznUFKLmKPIbf55l4EqQdu-dRGn_LTqQvSBS1fDf2jZmqI5Re4DUTj-it_CDUAYuUjlmZzuQZ8OfNSGyw1Ol02luF1n6J5n8mz_jOaqV5B&__tn__=%2CO%2CP-R
pfbid02Y3CjmTWkvMSfUc6wMLMqBo5tsZYe5iVzay3oKVYanPYgvybPHS3yihcEhXoC3UNl,Le salarié,10,1,0,0,0,0,0,0,1,1,#صديق_الصفحة,2022-10-13T21:46:11.701000,[],https://scontent.fcmn5-1.fna.fbcdn.net/v/t39.30808-6/310436321_5567064720052652_3454758927759089698_n.jpg?stp=dst-jpg_p526x296&_nc_cat=110&ccb=1-7&_nc_sid=8bfeb9&_nc_ohc=B0HLLTBCDAEAX9HAUxJ&_nc_ht=scontent.fcmn5-1.fna&oh=00_AT_8S4XfJdETUE8GVEiTIsMMsQy5zaFTTbzqNa3mrsUmEw&oe=635048D8,https://www.facebook.com/salariemarocain/posts/pfbid02Y3CjmTWkvMSfUc6wMLMqBo5tsZYe5iVzay3oKVYanPYgvybPHS3yihcEhXoC3UNl?__cft__[0]=AZX1KjdvGpkrBknuTMGfb6Fefyv2ewR0ASrtmZwpCwrhw2FFpPWkVUd6vyLHio2v6Fp1znwtBambJ23BORBIBhF88ypggkemPChZNu9JUlgREENzZLNaWo4GdhQ67xUteXhbXpAkeU4H7EuzFpXbhpCnUhT8igyoooObPLwNnFrHIHrsV46nhIVlp47kRM8hIRUpqgmKUdMNCw58CtPMaZZD&__tn__=%2CO%2CP-R
pfbid0FDMHAL65UGxPKFpvCYVz9TA81rdVzZzMJ7uK1kSEPKF6QLFhF3BSCWpzSUBWXHG9l,Le salarié,33,955,0,0,0,0,0,81,1036,219,,2022-10-13T21:46:14.095862,[],https://static.xx.fbcdn.net/rsrc.php/v3/yw/r/8iuTX4LlGZO.png https://external.fcmn5-2.fna.fbcdn.net/emg1/v/t13/14691182461885343955?url=https%3A%2F%2Flesalarie.ma%2Fwp-content%2Fuploads%2F2021%2F02%2FBMCI-banque-maroc-emploi-et-recrutement.jpg&fb_obo=1&utld=lesalarie.ma&stp=c0.5000x0.5000f_dst-emg0_p98x98_q75&ccb=13-1&oh=06_Aao23WO9qmIv7kmlvtFRHAQfZYcJEEj10J8zZ4NmzfkGXA&oe=634D0872&_nc_sid=aeaded,https://www.facebook.com/salariemarocain/posts/pfbid0FDMHAL65UGxPKFpvCYVz9TA81rdVzZzMJ7uK1kSEPKF6QLFhF3BSCWpzSUBWXHG9l?__cft__[0]=AZVnM0PYYJxv2EdiMYfQj1AAr9D0jzPa3xp2jx38s1bx94NVEcITCVW5DCNZQ7Fxoh8_xoBtdMGqVwEalP-fJYEbIoi6l_pOoxqM98AVKzMCqYU0PWqZtchrc1rfowhiDEEtD4Eww5HG-sMLe76yW57kPNfEMvE7_TpnQNXdwX9mWeD_88G7d-zjsaRDEo-THOPD1Zj3TKrLsiy2MbDSGuc0&__tn__=%2CO%2CP-R
pfbid0345UokYRi513bnECLnyZoxAyp2cYpMJBh8Qp87x66HL3GLFbAjo6m8t8Hvyv3V4rKl,Le salarié,37,565,0,0,0,0,0,0,565,132,,2022-10-13T21:46:14.227285,[],https://static.xx.fbcdn.net/rsrc.php/v3/yw/r/8iuTX4LlGZO.png https://external.fcmn5-2.fna.fbcdn.net/emg1/v/t13/7809715496874055792?url=https%3A%2F%2Flesalarie.ma%2Fwp-content%2Fuploads%2F2018%2F11%2Fcih-bank-finalee.jpg&fb_obo=1&utld=lesalarie.ma&stp=c0.5000x0.5000f_dst-emg0_p98x98_q75&ccb=13-1&oh=06_AapxCEc7wq1Km6Y6qrGQfagAKgpvuNDBu11r_vmUnBoowA&oe=634CB790&_nc_sid=aeaded,https://www.facebook.com/salariemarocain/posts/pfbid0345UokYRi513bnECLnyZoxAyp2cYpMJBh8Qp87x66HL3GLFbAjo6m8t8Hvyv3V4rKl?__cft__[0]=AZWAe24kHrk2VlA1kkh_QmpJw-VxjN37wiO8uF3ro3pfblc3CQ_9RjDADdLKjNmyIPyeCxbVNQArrfEsUfdlPWUl7P9JkAcRjq5ObQHJHdi6hxkU3cMc4xMr7Tn9VCUONCM6c7-wascQpb7RkKgcgqdGAV4PmQ-756T7rguhcho9OmdYU1hVCtCJhX-kGaErlvzmXPd3DVEx7Xt_4EesNcPP&__tn__=%2CO%2CP-R
pfbid023okifM1DyTcGhXaKR43e5qfGaCVTmfHy4PMTwVh7Rq9DxLasiMSTsJpCYKHYtYe1l,Le salarié,46,521,41,0,0,0,0,0,562,158,,2022-10-13T21:46:14.407373,[],https://static.xx.fbcdn.net/rsrc.php/v3/yw/r/8iuTX4LlGZO.png https://external.fcmn5-2.fna.fbcdn.net/emg1/v/t13/13772368974322060740?url=https%3A%2F%2Flesalarie.ma%2Fwp-content%2Fuploads%2F2021%2F03%2FBanque-Populaire-emploi.jpg&fb_obo=1&utld=lesalarie.ma&stp=c0.5000x0.5000f_dst-emg0_p98x98_q75&ccb=13-1&oh=06_Aar2JYaId6rARZJLFlcT20LKkkPkSv2G7HVfa-sYT1pyRA&oe=634CD29E&_nc_sid=aeaded,https://www.facebook.com/salariemarocain/posts/pfbid023okifM1DyTcGhXaKR43e5qfGaCVTmfHy4PMTwVh7Rq9DxLasiMSTsJpCYKHYtYe1l?__cft__[0]=AZUQa7MI83zJ2UyDoLjg3ckN9Mxuc2Eu2RWHbe8_U1H8rwbKTfHqnQSzstj-FHou4EzHPeLQ-y3gj6nloJPjweJ4CI3wVlzHbNnNKPdf8FAZzQ6I5oLrvlNMnXTQTTb2wwqfLD4tRFpkq7nQ-r-WgvMmbFTiggMaFHSqk6cjj5KHTuy1YqGD3DFDNrXkfS3UifyjToeH-71Tv4y8XwM7kCPg&__tn__=%2CO%2CP-R
pfbid0UPAZ4Z4iea2hHS4wsJZGmgx1KvYan5q3KDaHe1gwnuwaTLBj2oRNHxf8xAk5v7i4l,Le salarié,129,3,1,0,0,0,0,0,4,960,صديقة الصفحة إحتراما لمبادئها قررت الإستقالة من المصحة بسبب منع الحجاب . حظ موفق لك.,2022-10-13T21:46:15.540293,[],https://scontent.fcmn5-1.fna.fbcdn.net/v/t39.30808-6/310327866_5566430653449392_145502132284465804_n.jpg?_nc_cat=110&ccb=1-7&_nc_sid=8bfeb9&_nc_ohc=qJVObkPYUzgAX9GsvCF&_nc_ht=scontent.fcmn5-1.fna&oh=00_AT_sVRu9zuRYelG7HXVYem9iyDvZgcJbJ65r9jwUpqkalg&oe=634F2CB0,https://www.facebook.com/salariemarocain/posts/pfbid0UPAZ4Z4iea2hHS4wsJZGmgx1KvYan5q3KDaHe1gwnuwaTLBj2oRNHxf8xAk5v7i4l?__cft__[0]=AZXbNk9odGRwS6qDl1HuC2a5K2VAOsUeroi7fR26m9dIn8hXNiCU2Hkkni0yY90rHK2lKthasKy2AQEzmtb5byY6hWdkq-QgMNpsEn7GlgigR_eYC3VIS2g_KUwjm_nV3BteEdSr2JpoXt9Nxu8FGZkyNHq3n2LFLo-0btbSRmCH7hzBUTUCLFeoZXM2o5eiFz4St77TCSxPyAvlfaPYwBnB&__tn__=%2CO%2CP-R
pfbid02v1WnzskLAcxMoZz9A7zkbYUm8S8sBUcbuai8sbK929oa77UKwQcQKaeHm797rgPJl,Le salarié,178,3,0,1,0,0,0,2,6,1,,2022-10-13T21:46:16.355782,[],https://static.xx.fbcdn.net/rsrc.php/v3/yw/r/8iuTX4LlGZO.png,https://www.facebook.com/salariemarocain/posts/pfbid02v1WnzskLAcxMoZz9A7zkbYUm8S8sBUcbuai8sbK929oa77UKwQcQKaeHm797rgPJl?__cft__[0]=AZUpYEqkhUn3RV8Qn2c4Pq1zGnq2e2XQeH0AEF4zR93gF4yrMGQfWeiDYf7V1gWgPF5zVqV-SfUMs3rHNHoy2hlHZJpw1u-nr6yyZJ6LtMWct72P0kzJaSvT2XS_HJj-2TNms6EUJEmqr1_e-nGJiCeD2vhs-WWBJX2XjOf209DljS9FzcH7RhQzih7tFd2yWeLX4Y10qQ1M-v0t_e71xXk_&__tn__=%2CO%2CP-R
pfbid0aLvcTSCHhq4X1eejXMpj9vjPEtrjooUxSG3Ffhpa4nDJedyx7BARGRGtEhW7McEtl,Le salarié,10,452,0,0,0,0,0,0,452,84,,2022-10-13T21:46:17.118707,[],https://static.xx.fbcdn.net/rsrc.php/v3/yw/r/8iuTX4LlGZO.png https://external.fcmn5-2.fna.fbcdn.net/emg1/v/t13/12147329241121542725?url=https%3A%2F%2Flesalarie.ma%2Fwp-content%2Fuploads%2F2022%2F04%2FDGSN-Concours-Emploi-Recrutement-lesalarie.jpg&fb_obo=1&utld=lesalarie.ma&stp=c0.5000x0.5000f_dst-emg0_p98x98_q75&ccb=13-1&oh=06_AapwcWQ-KVq-TqjRLXB5EdAHQF8rlA3aU558FHh6-Luktw&oe=634CA98E&_nc_sid=aeaded,https://www.facebook.com/salariemarocain/posts/pfbid0aLvcTSCHhq4X1eejXMpj9vjPEtrjooUxSG3Ffhpa4nDJedyx7BARGRGtEhW7McEtl?__cft__[0]=AZUhiQMEc8JAvF0bL26f9ZkGL_kT2HCvrJwe4K9jN8Fc8Uikko2h2dAfsKpGYpDR3zCOcGZwnar5LpwGO4iZ6v4MsnA_HBOjR9i8biOhklzINSixGARQvKK8HF5qgJzcRj-eM7XBvpKZ6JDrrh_scWc-s_S5UtsxvvOCLMkn_JuJ6pRqkAWlpjbHUtm9jprwwBc1cdw9mBPdF-zYnzZpTA4k&__tn__=%2CO%2CP-R
pfbid02zPySw6HDGPpFMXruabcVcJxjw1VY8ZKEFKc3FPGnrPZpYbZY3FXiLViGBH8MaUwbl,Le salarié,30,1,189,0,0,0,0,0,190,125,إعتصام أمام شركة جودة كوباك بالجديدة من أجل تأسيس نقابة وتسليم بطائق الشغل...,2022-10-13T21:46:17.983440,[],https://scontent.fcmn5-1.fna.fbcdn.net/v/t39.30808-6/310375795_5566287616797029_4506467623453161817_n.jpg?stp=dst-jpg_p180x540&_nc_cat=111&ccb=1-7&_nc_sid=8bfeb9&_nc_ohc=KzIsfmaLxD4AX9QwmL2&_nc_ht=scontent.fcmn5-1.fna&oh=00_AT9yHc6-HIhSrXn5pBKUqq6jDdiujbLRTcWx_hlNb5c_WA&oe=634F28EF,https://www.facebook.com/salariemarocain/posts/pfbid02zPySw6HDGPpFMXruabcVcJxjw1VY8ZKEFKc3FPGnrPZpYbZY3FXiLViGBH8MaUwbl?__cft__[0]=AZXVkTnE7c4UnP0aideHS1CosaD3Ez_aC37imDU-6pLYbKV-JK2UsxZu94pN7YdLevrNJLQx0OqIl-TGe7ZhUkyFksiRfjPefbJxKJZo32Ggk74uDqMef0gqTruFAryZ0yZQz2ydxZ6dEQ48dmYQF3r6ZznKgor89jRJTOfl1Apb3p76G1XPZJdbbhbgM6zCobiQvhuMTt06JMNWPym7tIn4&__tn__=%2CO%2CP-R
pfbid0cmoiGsoZJTWEzmTEa24ZFZnEyRvGQ8LShjASX2Bz9iCmosiU7ZkKyiYefPV4uVTAl,Le salarié,175,1,0,0,0,0,0,0,1,213,,2022-10-13T21:46:18.373179,[],https://static.xx.fbcdn.net/rsrc.php/v3/yw/r/8iuTX4LlGZO.png https://external.fcmn5-2.fna.fbcdn.net/emg1/v/t13/1162171727352011051?url=https%3A%2F%2Flesalarie.ma%2Fwp-content%2Fuploads%2F2021%2F05%2FEFE-Formation.jpg&fb_obo=1&utld=lesalarie.ma&stp=c0.5000x0.5000f_dst-emg0_p98x98_q75&ccb=13-1&oh=06_AapzoqEEzDO6oBGPPTKAO74fcPzX2OBeG8uyjRP_XJmzGA&oe=634C84E3&_nc_sid=aeaded,https://www.facebook.com/salariemarocain/posts/pfbid0cmoiGsoZJTWEzmTEa24ZFZnEyRvGQ8LShjASX2Bz9iCmosiU7ZkKyiYefPV4uVTAl?__cft__[0]=AZW9Mo7tI1wEEPgaEV8Aeg0pmejlQn30hfT-hEc2gh_kNuSjeasuvkoGZ2ppjHtSR5JjKKwpHiwXlcJrUVrnA7INv9h5eN5lrSX98DqRXV27Is6NZtG57P-AMAN-7yQjyAP2jVmXK59NFA-xRBCajUrwsT04jxm2mU9CirCv68NKnm2waaUnBWrQr3idIkX7yMb-Zr80R8vwWjwsWimeNXkd&__tn__=%2CO%2CP-R
pfbid02oD3iJqeNtsKjzKHJ768NzF1AVRiCtagUQuqberW1iTCAGC19w8ri1bs4iWnKwzdcl,Le salarié,7,278,0,0,0,0,0,0,278,51,,2022-10-13T21:46:19.204790,[],https://static.xx.fbcdn.net/rsrc.php/v3/yw/r/8iuTX4LlGZO.png https://external.fcmn5-2.fna.fbcdn.net/emg1/v/t13/14124588464755187993?url=https%3A%2F%2Flesalarie.ma%2Fwp-content%2Fuploads%2F2019%2F09%2FONDA-Concours-Emploi-Recrutement.jpg&fb_obo=1&utld=lesalarie.ma&stp=c0.5000x0.5000f_dst-emg0_p98x98_q75&ccb=13-1&oh=06_Aap3kKDvdYLQtwwiPsE5-j72PfzQYPlEj0PKC4MViWOQ4A&oe=634CD0FD&_nc_sid=aeaded,https://www.facebook.com/salariemarocain/posts/pfbid02oD3iJqeNtsKjzKHJ768NzF1AVRiCtagUQuqberW1iTCAGC19w8ri1bs4iWnKwzdcl?__cft__[0]=AZXYaymYgpvX2EtsoPc6yuB7rdiSiUG07ISAltgpUhFHNOQSdIZEPCYLKXObFMe9299QVWrfWt8fjpNIRRnDKCRTezInc0C-b4f-bciewiyXsaA0bFrdhpdwsaqOlbxt9ih-vreZ1u71KLNW_Oia9Iyh02oGTx6uoxE9o_GsU8eLYrhwUrFp1TTyrgffVT200OpL_6NCzHyubhEWYOBkCCJi&__tn__=%2CO%2CP-R
pfbid02kHZ4CJJA4eDYpQS2kUUAQNouEq9PCagfZEVafrztsGqjAkSJXoAZTPbZZ6SPprCLl,Le salarié,20,652,61,0,0,0,0,0,713,72,,2022-10-13T21:46:25.894836,[],https://static.xx.fbcdn.net/rsrc.php/v3/yw/r/8iuTX4LlGZO.png https://external.fcmn5-2.fna.fbcdn.net/emg1/v/t13/12147329241121542725?url=https%3A%2F%2Flesalarie.ma%2Fwp-content%2Fuploads%2F2022%2F04%2FDGSN-Concours-Emploi-Recrutement-lesalarie.jpg&fb_obo=1&utld=lesalarie.ma&stp=c0.5000x0.5000f_dst-emg0_p98x98_q75&ccb=13-1&oh=06_AapwcWQ-KVq-TqjRLXB5EdAHQF8rlA3aU558FHh6-Luktw&oe=634CA98E&_nc_sid=aeaded,https://www.facebook.com/salariemarocain/posts/pfbid02kHZ4CJJA4eDYpQS2kUUAQNouEq9PCagfZEVafrztsGqjAkSJXoAZTPbZZ6SPprCLl?__cft__[0]=AZXVf4vcbxAmbig_5uKbiEHzWQSIuWRXM8eM0HSGO682zxn23Rp6FgiRiKD7Aq2Xxtl0E6S0CecYp6e_RnoMtWTYebehaZ2X9VbxZgmxyHCgNPzIwzyfldxxMQicG9dRMrqnahdvOBK4BZLm3iS-3jGzDZHXgpJ_vCAlahDV8-lqQxXG2rDP-veSe8ueGthgdw0C_YuQgqxbXBugOpOa6Z0m&__tn__=%2CO%2CP-R
pfbid0EiJPLRL2XGSrnpugEjH6ZRXAhYN2VjFcGetLf5SMouj8USXe5oGLisDSpkefiyaYl,Le salarié,164,3,0,275,0,0,0,0,278,1,,2022-10-13T21:46:26.681410,[],https://static.xx.fbcdn.net/rsrc.php/v3/yw/r/8iuTX4LlGZO.png,https://www.facebook.com/salariemarocain/posts/pfbid0EiJPLRL2XGSrnpugEjH6ZRXAhYN2VjFcGetLf5SMouj8USXe5oGLisDSpkefiyaYl?__cft__[0]=AZVrTJUhAghLi-dH3PYI2dmzeTmsgcbfoYsDMCVv7eyqQ6JXCO1HiRG-97aGK6-II02GAUq2hnOk_iwWdy7kn-BMWdv2uRL_fBLG_RtCtx_U1WYKqTbtWIxqqAOUhKRK5DORGGDv-hBL00DhgvR4yHcveFGAN8Z8ZeBfWp3LxUjv6nrug87-qoPvniv8X-cqNLiAJCW4QHqfFpiIy2NbNMtA&__tn__=%2CO%2CP-R
pfbid02A3EskBBEssg4dfEjxGpHobM4ShnF1zKwoY9RSCj12HZz4zHpJtHZh9VM6ytk54RPl,Le salarié,21,1,108,0,0,0,0,0,109,1,#صديقة_الصفحة,2022-10-12T21:46:27.129990,[],https://scontent.fcmn5-2.fna.fbcdn.net/v/t39.30808-6/310230687_5564714460287678_8221883797908076387_n.jpg?stp=dst-jpg_s720x720&_nc_cat=100&ccb=1-7&_nc_sid=8bfeb9&_nc_ohc=pJ12LiD0Dh8AX8qdBH_&_nc_ht=scontent.fcmn5-2.fna&oh=00_AT_9ZTdSjyR6KAZ4XKDVzToOwyX7fSHczask5rHOJnOixA&oe=634FFA20,https://www.facebook.com/salariemarocain/posts/pfbid02A3EskBBEssg4dfEjxGpHobM4ShnF1zKwoY9RSCj12HZz4zHpJtHZh9VM6ytk54RPl?__cft__[0]=AZVEZqvT-5JqH3yAy8o03ACsREQapi2EGHI7QNbfR8PaGCVdKUc95ZeAP0w13x3rSEmfh1_EkRnYmVDGUHDdRnDIga2UAQkDZsl-Hsjh4B4fU2jSlrnQ3Fss5-HiS3FOMMC13UBmogDieLzcQEODqtthkeCNgiEoY2_c5xOni9qFMN92Qg2nRZt_zvha7lDNOWooYzKj9PsN80w_Mohfkrzt&__tn__=%2CO%2CP-R
pfbid0TvdNUYJatnHd2wx2DMgocEWmo33joS5AK3yfaCJ8Bv7m9iMrwRY42rw46srDGx5xl,Le salarié,92,782,0,0,0,0,0,2,784,2,جواب ممرضات فيديو يوم أمس  على بعض التعليقات. المرجو إحترامهم ومهنتهم النبيلة,2022-10-12T21:46:33.913377,['blob:https://www.facebook.com/bea4ca07-691b-4ab2-b169-75a66fd6b5df'],https://scontent.fcmn5-1.fna.fbcdn.net/v/t15.5256-10/310494075_483825487011417_8329561479785435900_n.jpg?stp=dst-jpg_s960x960&_nc_cat=109&ccb=1-7&_nc_sid=ad6a45&_nc_ohc=AqGKKbBcOAMAX_lCd6m&_nc_ht=scontent.fcmn5-1.fna&oh=00_AT9BUtdRnTdKFZ2Wgo5e7vFAdEi9TpT3aOsyI35Sp6nUMw&oe=63505F3A,https://www.facebook.com/salariemarocain/posts/pfbid0TvdNUYJatnHd2wx2DMgocEWmo33joS5AK3yfaCJ8Bv7m9iMrwRY42rw46srDGx5xl?__cft__[0]=AZVjkcBTcXlxXbfX5ccjtp5F698YKDWAKoaSUXzInSD0V4adcpfd5liIgyPK-rIemuDvLxoUXb93nQ2mrhFq64MkfKcHWJn1tsVV6i-4b1_7LkivL3T04fGaDRXELwqlF1nCUlBLd-NvJyPiAkoXfs0ZXu-1SbSP1HZorjwglN7vJv2CVfgsZSarlLhWJJh_ZMlBVeIRP3OxhOCVIS1oSoqMsBg4AjhA_FTDHn2RhqLtFg&__tn__=%2CO%2CP-R
pfbid02b3zBVBSHW1vydCC4rTgKySYGDWPK2XUMFdVE62y5gACNU5ZzMMMDXevTJ1v1YTfwl,Le salarié,369,6,1,0,0,0,0,414,421,1,عندما تكون موظفا تتلقى أجرا على خدمة تقدمها ولا تقدمها فأنت فاسد.رغم أنك تذهب لصلاة الفجر والعشاء وتقرأ القرآن  وتصلي الجمعة فأنت تدخل على أبنائك مالا حراما. عندما تدخل مكتبك متأخرا وتخرج مبكرا فأنت فاسد وخائن للأمانة.عندما تذهب للتدريس وتقف عند باب القسم تتحدث مع زميلك خارج أوقات استراحتك فأنت فاسد…عندما تضرب عن العمل وتذهب للحمام أو المقهى فأنت فاسد، لأن الاضراب يصير له معنى عندما تبقى في مكان عملك دون الاشتغال...,2022-10-12T21:46:34.918228,[],https://static.xx.fbcdn.net/rsrc.php/v3/yw/r/8iuTX4LlGZO.png https://static.xx.fbcdn.net/rsrc.php/v3/yw/r/8iuTX4LlGZO.png,https://www.facebook.com/salariemarocain/posts/pfbid02b3zBVBSHW1vydCC4rTgKySYGDWPK2XUMFdVE62y5gACNU5ZzMMMDXevTJ1v1YTfwl?__cft__[0]=AZUDr4EQVk82xtpQX_HZHvN6luxOSvcUa_iWGdA-exh4WcfC0cLB9DUyoVSWp9PxhxFVtSPWhkyr1nZRTzswXXOAWQXeDd5m-5kTfcOhNw7M8vWLr2dlkZ4C0aijdRUvRlEkBIM6f10TAAff99Jq-MiyLm5Q11J0JGKzFuRH1ZGSsv4OAfiHNJ_oPBYfICWi6uU7RhMO-nqtdXhxBPXqffil&__tn__=%2CO%2CP-R
pfbid0mkdSsQ8khHimMSeJyknv7w6HFfyxADLSthTuhc4WRMhC95XSdG87jWxHpvMonU8Gl,Le salarié,12,528,0,0,0,0,0,0,528,158,سلام عليكم، مؤخرا تم الاتصال بي من شركة معروفة في المغرب، بالبدا في العمل معهم قمت بوضع الاستقالة في الشركة ، تم معرفة الشركة التي سابدا معها.المشكل انهم عقد العمل الشركة التي فيها حاليا يوجد بها بند في الصورة#صديق_الصفحة,2022-10-12T21:46:36.355646,[],https://scontent.fcmn5-2.fna.fbcdn.net/v/t39.30808-6/310186290_5563599170399207_3582480505976147418_n.jpg?stp=dst-jpg_p552x414&_nc_cat=101&ccb=1-7&_nc_sid=8bfeb9&_nc_ohc=Mx1MHfz7qt8AX8TkrfN&_nc_ht=scontent.fcmn5-2.fna&oh=00_AT8vUOI-yzVX4g0ssB62BbL6ntYLa3Lb1eiKJwaJR6s_iQ&oe=63500122,https://www.facebook.com/salariemarocain/posts/pfbid0mkdSsQ8khHimMSeJyknv7w6HFfyxADLSthTuhc4WRMhC95XSdG87jWxHpvMonU8Gl?__cft__[0]=AZVAI_MynzAK3zxsspHC05gNCv-XVatkSgmAFTZ0s_kW1x6gEHrDnTyhrl007S-yboVTKp3sQndZ2ZlEFR1YKW3Q1Xcbyn9K-NbYwmjRD_Jhgq8UNOOUrI54n1NOWi2gqjFlJLnN9TLIZ46vzhrLvffgNfVwXHkmX1wy71aV1II2_ZjynZM264q-webpSCQU0wMKStyo9Qtza_ubuTp6diIG&__tn__=%2CO%2CP-R
pfbid0hfA9z7MVSwMR1Vh5fL2d3vnTkkmtpAJLbqVYNYSepNrTBTftyxaZMgKm2mnmXfql,Le salarié,16,838,0,336,0,261,0,0,1435,306,قضية رأي عام بدات محاكمة ممرضة في بريطانيا بتهمة قتل سبعة ديال الوليدات ومحاولة قتل عشرة آخرين بعدما كتمنعهم ياخدو الدوا ديالهم في المستشفى لي خدامة فيه. طريقتها استعمال  البرا  فالعرق وتشربهم الحليب فيه الأنسولين.. للأسف,2022-10-12T21:46:38.811776,[],https://scontent.fcmn5-2.fna.fbcdn.net/v/t39.30808-6/310186950_5563451430413981_1141643287666577061_n.jpg?_nc_cat=107&ccb=1-7&_nc_sid=8bfeb9&_nc_ohc=gkIcWWXiyW0AX-wjaXK&_nc_ht=scontent.fcmn5-2.fna&oh=00_AT99JBeW-VdAZ27WDwDe6HrdDDHmqxT_IwKQq9acktx8mw&oe=6350F3CB,https://www.facebook.com/salariemarocain/posts/pfbid0hfA9z7MVSwMR1Vh5fL2d3vnTkkmtpAJLbqVYNYSepNrTBTftyxaZMgKm2mnmXfql?__cft__[0]=AZUw-XRl3h9Zqb4igeK-hgM-QSZnjF2ujaHJrB6UwV__18j08OiSwgnbThlGa87m42GRpmYId0uyruP7Qvte7qw5_SJawDYjlxLtc6EolqwhDQMyvEpuCfpTH3WS_yD5tlwnCcfejBKIhG2oNaYkU--AZH8OHDRyJvveSSQkix0-v7TrTaMuEwa_Jt0JJuXGRh-enR88Ly-nZJok15qzuSmj&__tn__=%2CO%2CP-R
pfbid0deooUkuQgzsgmxXMLUueGx9ncG9yLawSUdanL5QzbbxU3T2UeMdBPHVYstpSrbP3l,Le salarié,23,647,0,0,0,0,0,238,885,1,#كل_يوم_مدينةمدينة اليوم هي  برشيد,2022-10-12T21:46:40.338253,[],https://scontent.fcmn5-1.fna.fbcdn.net/v/t39.30808-6/310160702_5563427950416329_7591465269260009241_n.jpg?stp=dst-jpg_p526x296&_nc_cat=109&ccb=1-7&_nc_sid=8bfeb9&_nc_ohc=q14M1YtpDLAAX86kmbk&_nc_ht=scontent.fcmn5-1.fna&oh=00_AT_EWUjxBcYTpB96scnopnUPs58oEnb2M8_cdEriN06FTg&oe=634F8BB7,https://www.facebook.com/salariemarocain/posts/pfbid0deooUkuQgzsgmxXMLUueGx9ncG9yLawSUdanL5QzbbxU3T2UeMdBPHVYstpSrbP3l?__cft__[0]=AZUYAUhySbL2RL17MzSNDrPOb3SHUxaY8qg-czJvVnPgwDf-3k2mKM6cYtNWe0UxA3mWBZXdJ6A0nODKJO7uFyIGI9rIG_LtAZSFAdlH1hAYCW9PESWWrv_ZD4jap8cunu2Jzf-rvnouSBojyJZcWCNoiHrEucOwPdBNycD1SsUlUy-0lMNVU5OUrR19TVeIcbYVuwDVLMwqNgn9f_EauBpt&__tn__=%2CO%2CP-R
pfbid02JkfVN86DNY1CR48aJuoudPXp3ufjb165JtkP5nWs3eHsZWSy9HwvSdRCeXjTqcNRl,Le salarié,10,1,109,0,0,0,0,0,110,384,#صديق_الصفحة,2022-10-12T21:46:41.092115,[],https://scontent.fcmn5-2.fna.fbcdn.net/v/t39.30808-6/310340312_5563296687096122_3777365602043583112_n.jpg?stp=dst-jpg_p552x414&_nc_cat=101&ccb=1-7&_nc_sid=8bfeb9&_nc_ohc=dN70mNcC0VoAX9yLlgs&_nc_ht=scontent.fcmn5-2.fna&oh=00_AT-y9wsAT_A1cSz44wzWhBVrcJ6_R1H8z4yhvx9GUxoFOg&oe=635086E8,https://www.facebook.com/salariemarocain/posts/pfbid02JkfVN86DNY1CR48aJuoudPXp3ufjb165JtkP5nWs3eHsZWSy9HwvSdRCeXjTqcNRl?__cft__[0]=AZU9R3KDxCfdIvdyp6SDS8v8XWB-VG2k3xYjIpBDXDf2thRcoUAEzNic9pPaTZqpsr-0ZsULFXc_KbgS2ys6OEDU8JfGMovJEFz67sFMop5Mqyu3CBBmW_M36_5AXgdhLJzdiDx2arCykkyTApYBzb46EsTt3VioSD4oA9WEho3cwwwy3HbilUkM9onmTIE0Aqx-8E4l0670hjQMgUj0Qx3s&__tn__=%2CO%2CP-R
pfbid02eqib8BbwDnYcuDcpBP8teimqHggH4AdKW1yisQeMxi4oTFAKjpDWdp7r8qttgV6Jl,Le salarié,4,1,252,0,0,0,0,0,253,184,,2022-10-12T21:46:42.755960,[],,https://www.facebook.com/salariemarocain/posts/pfbid02eqib8BbwDnYcuDcpBP8teimqHggH4AdKW1yisQeMxi4oTFAKjpDWdp7r8qttgV6Jl?__cft__[0]=AZUghWpNvPgd5-rPtzlIfMKt2sssyBJ9fm-SPNwDos5mpdFYjjEvfBEFrrPLQzIS40qp0C2UP41HE9IveK9QehuXNKRH8GNpe5oMNumUZ4ON4nWE49I4w67QaPlTqIDWOgQn7HbOUdTpIJM2lQGa_81NYXFMVB0Qv23xTHSgSM9VOGvDP2VQlDFYGHmplLqlPcp_vFVw7-D-pXkxs2TqOv_R&__tn__=%2CO%2CP-R
